data_status,cohort_id,role,url,period_label,period_start,period_end,query_scope,clicks,impressions,ctr_pct,avg_position,qualified_actions,seasonality_signal,sitewide_change,content_change,decision,notes
SYNTHETIC_WORKED,example-refresh-01,target,https://example.com/seo/internal-linking/,before,2026-05-01,2026-05-28,fixed_nonbrand_4_query_cohort,240,12000,2.0000,6.8,11,synthetic_trend_minus_2pct,none_in_example,none,candidate,Illustrative baseline only; not a Base2026 or client result
SYNTHETIC_WORKED,example-refresh-01,target,https://example.com/seo/internal-linking/,after,2026-06-01,2026-06-28,fixed_nonbrand_4_query_cohort,156,11200,1.3929,8.4,8,synthetic_trend_minus_2pct,none_in_example,source_backed_rewrite_title_h1_meta_link_repair,REFRESH,Illustrative post-period only; mixed diagnostic and no causal claim
SYNTHETIC_WORKED,example-refresh-01,control,https://example.com/seo/technical-audit/,before,2026-05-01,2026-05-28,fixed_nonbrand_4_query_cohort,180,9000,2.0000,7.1,9,synthetic_trend_minus_2pct,none_in_example,none,CONTROL,Illustrative matched control only
SYNTHETIC_WORKED,example-refresh-01,control,https://example.com/seo/technical-audit/,after,2026-06-01,2026-06-28,fixed_nonbrand_4_query_cohort,176,8900,1.9775,7.2,9,synthetic_trend_minus_2pct,none_in_example,none,CONTROL,Illustrative matched control only
SYNTHETIC_WORKED,example-refresh-01,control,https://example.com/seo/content-audit/,before,2026-05-01,2026-05-28,fixed_nonbrand_4_query_cohort,195,8500,2.2941,8.0,10,synthetic_trend_minus_2pct,none_in_example,none,CONTROL,Illustrative matched control only
SYNTHETIC_WORKED,example-refresh-01,control,https://example.com/seo/content-audit/,after,2026-06-01,2026-06-28,fixed_nonbrand_4_query_cohort,191,8350,2.2874,8.1,10,synthetic_trend_minus_2pct,none_in_example,none,CONTROL,Illustrative matched control only
FILL_ME,replace-with-example-cohort,target,https://example.com/replace-me/,before,YYYY-MM-DD,YYYY-MM-DD,replace_with_fixed_query_cohort,FILL_ME,FILL_ME,FILL_ME,FILL_ME,FILL_ME,FILL_ME,FILL_ME,FILL_ME,FILL_ME,Replace synthetic fields from an authorized export; preserve exact query/date/filter cohort
FILL_ME,replace-with-example-cohort,control,https://example.com/replace-control-1/,before,YYYY-MM-DD,YYYY-MM-DD,replace_with_fixed_query_cohort,FILL_ME,FILL_ME,FILL_ME,FILL_ME,FILL_ME,FILL_ME,FILL_ME,FILL_ME,CONTROL,Matched-control pair before row; preserve the target query/date/filter lock
FILL_ME,replace-with-example-cohort,control,https://example.com/replace-control-1/,after,YYYY-MM-DD,YYYY-MM-DD,replace_with_fixed_query_cohort,FILL_ME,FILL_ME,FILL_ME,FILL_ME,FILL_ME,FILL_ME,FILL_ME,FILL_ME,CONTROL,Matched-control pair after row; duplicate the pair for a second control page
